<?xml version="1.0" encoding="UTF-8" standalone="yes"?>
<addon id="repository.github.anilkuj-xbmc-addons" name="anilkuj addons" version="1.0.0" provider-name="anilkuj">
	<extension point="xbmc.addon.repository" name="anilkuj add-on repository">
		<info compressed="false">https://github.com/anilkuj/xbmc-addons/raw/master/addons.xml</info>
		<checksum>https://github.com/anilkuj/xbmc-addons/raw/master/addons.xml.md5</checksum>
		<datadir zip="true">https://github.com/anilkuj/xbmc-addons/raw/master/repo/</datadir>
	</extension>
	<extension point="xbmc.addon.metadata">
		<summary>Install Addons from https://github.com/anilkuj/</summary>
		<description>Download and install addons from anilkuj repository.</description>
		<platform>all</platform>
	</extension>
</addon>

