<?xml version="1.0" encoding="UTF-8"?>
<addon id="plugin.video.tvlinks" version="0.1.4" name="Tvlinks" provider-name="anilkuj">
    <requires>
        <import addon="xbmc.python" version="2.0"/>
        <import addon="script.module.urlresolver" version="0.0.1"/>
        <import addon="script.module.t0mm0.common" version="0.0.1"/>
    </requires>
    <extension point="xbmc.python.pluginsource" library="default.py">
        <provides>video</provides>
    </extension>
    <extension point="xbmc.addon.metadata">
        <summary>Browse tvlinks</summary>
        <description>Play a wide selection of movies and TV shows from tvlinks</description>
        <platform>all</platform>
    </extension>
</addon>